|p_hash|filename|species|tags
0|99a7465a1e99acb4|image_picea_sitchensis_27.png|picea_sitchensis|
1|93d12f8e712ef068|image_picea_sitchensis_33.png|picea_sitchensis|
2|cce3482eb991533b|image_picea_sitchensis_6.png|picea_sitchensis|
3|c119991c4fcf1cda|image_picea_sitchensis_in_winter_12.png|picea_sitchensis|
4|e3c3dab100fdc29c|image_sitka_spruce_59.png|picea_sitchensis|
5|84522fbc57bd21a9|image_sitka_spruce_65.png|picea_sitchensis|
6|ff6042c59f3870e2|image_sitka_spruce_71.png|picea_sitchensis|
7|aeae42b4fa96050f|image_sitka_spruce_cones_58.png|picea_sitchensis|
8|fb90080905fe47bf|image_sitka_spruce_cones_70.png|picea_sitchensis|
9|85563edad4258b66|image_sitka_spruce_cones_64.png|picea_sitchensis|
10|9819c55c6467ee56|image_picea_sitchensis_in_winter_2.png|picea_sitchensis|
11|cbf79488d051a957|image_sitka_spruce_cones_65.png|picea_sitchensis|
12|f324837a94b1ce99|image_sitka_spruce_cones_71.png|picea_sitchensis|
13|a6a7e21bc1b21cb6|image_sitka_spruce_cones_59.png|picea_sitchensis|
14|f2dbe2b48c217863|image_sitka_spruce_70.png|picea_sitchensis|
15|bdd2acb482a9ce31|image_sitka_spruce_64.png|picea_sitchensis|
16|ead04c63359d9656|image_sitka_spruce_58.png|picea_sitchensis|
17|97c4605a9023de7f|image_picea_sitchensis_7.png|picea_sitchensis|
18|fae0869e17c86ad2|image_picea_sitchensis_32.png|picea_sitchensis|
19|c4b674c978c5174e|image_picea_sitchensis_26.png|picea_sitchensis|
20|d6b07bf903e66824|image_picea_sitchensis_30.png|picea_sitchensis|
21|a6c6522d9c229f76|image_picea_sitchensis_24.png|picea_sitchensis|
22|bde243df8c14b80e|image_picea_sitchensis_5.png|picea_sitchensis|
23|e6e6c9791516c2c3|image_picea_sitchensis_in_winter_11.png|picea_sitchensis|
24|b45f334285195b6e|image_picea_sitchensis_in_winter_39.png|picea_sitchensis|
25|c8bfd786ead0888a|image_sitka_spruce_cones_98.png|picea_sitchensis|
26|992f23841b89f66b|image_sitka_spruce_72.png|picea_sitchensis|
27|e686b169593a8e4e|image_sitka_spruce_66.png|picea_sitchensis|
28|bcf4418c5a1fe50b|image_sitka_spruce_99.png|picea_sitchensis|
29|9b4454cf263ec933|image_picea_sitchensis_in_winter_1.png|picea_sitchensis|
30|a3cc1eb06c9268bf|image_sitka_spruce_cones_67.png|picea_sitchensis|
31|c6b28e9659f132c9|image_sitka_spruce_cones_73.png|picea_sitchensis|
32|e0f95d022face295|image_sitka_spruce_cones_72.png|picea_sitchensis|
33|86027950f58f67b5|image_picea_sitchensis_in_winter_0.png|picea_sitchensis|
34|b364e60fe9009aed|image_sitka_spruce_cones_66.png|picea_sitchensis|
35|9e10f14fcd6464ec|image_sitka_spruce_98.png|picea_sitchensis|
36|a0e5d71f9e18c30b|image_sitka_spruce_67.png|picea_sitchensis|
37|cc3413fc878c743b|image_sitka_spruce_73.png|picea_sitchensis|
38|eb5dd4322deda880|image_sitka_spruce_cones_99.png|picea_sitchensis|
39|f1320b5ccc09f65d|image_picea_sitchensis_in_winter_38.png|picea_sitchensis|
40|ca8a1c6df872d313|image_picea_sitchensis_in_winter_10.png|picea_sitchensis|
41|80774e6a56765696|image_picea_sitchensis_19.png|picea_sitchensis|
42|aba5d4d28a0edcb8|image_picea_sitchensis_25.png|picea_sitchensis|
43|ddd98317428d6275|image_picea_sitchensis_31.png|picea_sitchensis|
44|d150e161f60be95d|image_picea_sitchensis_35.png|picea_sitchensis|
45|d4a93b56c646864f|image_picea_sitchensis_21.png|picea_sitchensis|
46|b71b91bc0f63581a|image_picea_sitchensis_0.png|picea_sitchensis|
47|80816663994f6fb7|image_picea_sitchensis_in_winter_14.png|picea_sitchensis|
48|ab81d07ad0799765|image_sitka_spruce_77.png|picea_sitchensis|
49|9ede7b7932d92080|image_sitka_spruce_63.png|picea_sitchensis|
50|cdf2ad0712846fb1|image_sitka_spruce_cones_89.png|picea_sitchensis|
51|bfbdd042d4d0812f|image_sitka_spruce_cones_62.png|picea_sitchensis|
52|c7fb5c8c22c591a5|image_sitka_spruce_cones_76.png|picea_sitchensis|
53|c0c28f3fed830cdc|image_sitka_spruce_88.png|picea_sitchensis|
54|c9c9c9ab3632b2b4|image_sitka_spruce_89.png|picea_sitchensis|
55|9e92c4edf435a505|image_sitka_spruce_cones_77.png|picea_sitchensis|
56|b263893f062dce9a|image_sitka_spruce_cones_63.png|picea_sitchensis|
57|9545ede8e219a64d|image_picea_sitchensis_in_winter_5.png|picea_sitchensis|
58|a2c80dc7a9fd49a5|image_sitka_spruce_cones_88.png|picea_sitchensis|
59|9da260909d6a77ad|image_sitka_spruce_62.png|picea_sitchensis|
60|bd9b90153534273d|image_sitka_spruce_76.png|picea_sitchensis|
61|e085bfa8a957961a|image_picea_sitchensis_in_winter_15.png|picea_sitchensis|
62|b7a4095ef500ef16|image_picea_sitchensis_1.png|picea_sitchensis|
63|b2f1418faecccc86|image_picea_sitchensis_20.png|picea_sitchensis|
64|8990372e7c78e8cb|image_picea_sitchensis_34.png|picea_sitchensis|
65|a2955a1bc51d5e0f|image_picea_sitchensis_22.png|picea_sitchensis|
66|fecd0d87279e00e1|image_picea_sitchensis_36.png|picea_sitchensis|
67|b9b4d2d1eca34343|image_picea_sitchensis_3.png|picea_sitchensis|
68|8b941cfb3154bb0e|image_sitka_spruce_60.png|picea_sitchensis|
69|c3c90c080ffff6c2|image_sitka_spruce_74.png|picea_sitchensis|
70|fdb67380170db483|image_sitka_spruce_cones_75.png|picea_sitchensis|
71|8a352c4b5965b5d6|image_picea_sitchensis_in_winter_7.png|picea_sitchensis|
72|97b80a07ce97712b|image_sitka_spruce_cones_61.png|picea_sitchensis|
73|c7a91c93c4b61d53|image_sitka_spruce_cones_49.png|picea_sitchensis|
74|8a677dbcf498a209|image_sitka_spruce_cones_48.png|picea_sitchensis|
75|c01e3729ee4693ab|image_picea_sitchensis_in_winter_6.png|picea_sitchensis|
76|9e8e19338f8d7c82|image_sitka_spruce_cones_60.png|picea_sitchensis|
77|a431d6eadaa96199|image_sitka_spruce_cones_74.png|picea_sitchensis|
78|d32dbc8b6a35c286|image_sitka_spruce_49.png|picea_sitchensis|
79|a19e4e68685df07c|image_sitka_spruce_75.png|picea_sitchensis|
80|ecec15d0dc718ce8|image_sitka_spruce_61.png|picea_sitchensis|
81|811f7d7c20795b38|image_picea_sitchensis_in_winter_16.png|picea_sitchensis|
82|ffa082d7da08fc09|image_picea_sitchensis_2.png|picea_sitchensis|
83|d09e59171ee3f04a|image_picea_sitchensis_37.png|picea_sitchensis|
84|f0e4947f8ba1338a|image_picea_sitchensis_23.png|picea_sitchensis|
85|f969841786b1c6b5|image_picea_sitchensis_87.png|picea_sitchensis|
86|d3077189f1947f41|image_picea_sitchensis_93.png|picea_sitchensis|
87|821c3e8b74737556|image_picea_sitchensis_44.png|picea_sitchensis|
88|8fe0f09f53380f2a|image_picea_sitchensis_50.png|picea_sitchensis|
89|e0c17e6a687de164|image_picea_sitchensis_78.png|picea_sitchensis|
90|b58ab070935d8f27|image_picea_sitchensis_in_winter_65.png|picea_sitchensis|
91|f2a22d0e966be92a|image_sitka_spruce_2.png|picea_sitchensis|
92|b58c0a2b7d3ab171|image_picea_sitchensis_in_winter_71.png|picea_sitchensis|
93|df2986f86e11c07c|image_picea_sitchensis_in_winter_59.png|picea_sitchensis|
94|bbb0940fc8329fe4|image_sitka_spruce_12.png|picea_sitchensis|
95|d016ef498d0ff843|image_sitka_spruce_cones_4.png|picea_sitchensis|
96|d09a46d13fa83f46|image_sitka_spruce_cones_13.png|picea_sitchensis|
97|80c3ff3cb252cce2|image_sitka_spruce_cones_12.png|picea_sitchensis|
98|80f929eef075634a|image_sitka_spruce_cones_5.png|picea_sitchensis|
99|f0a30bf40d8cff24|image_sitka_spruce_13.png|picea_sitchensis|
100|c1cd9c3bf0f203c6|image_picea_sitchensis_in_winter_58.png|picea_sitchensis|
101|fffe00877f940092|image_picea_sitchensis_in_winter_70.png|picea_sitchensis|
102|a5c4951da871d3b5|image_picea_sitchensis_in_winter_64.png|picea_sitchensis|
103|92d93a7479be0f01|image_picea_sitchensis_79.png|picea_sitchensis|
104|f097337a72622c4d|image_picea_sitchensis_51.png|picea_sitchensis|
105|ea0b3f3693d00cf8|image_picea_sitchensis_45.png|picea_sitchensis|
106|878aa9432bfd6325|image_picea_sitchensis_92.png|picea_sitchensis|
107|aaa2a3b5e1d5e550|image_picea_sitchensis_86.png|picea_sitchensis|
108|b6ce3934c94884ef|image_picea_sitchensis_84.png|picea_sitchensis|
109|82d82d2f74e2b731|image_picea_sitchensis_in_winter_99.png|picea_sitchensis|
110|bcc3e33cc32c8b70|image_picea_sitchensis_in_winter_72.png|picea_sitchensis|
111|f1f11f916036b561|image_sitka_spruce_1.png|picea_sitchensis|
112|9f406d3e2135c6d6|image_picea_sitchensis_in_winter_66.png|picea_sitchensis|
113|e2eac12f7884a759|image_sitka_spruce_39.png|picea_sitchensis|
114|a9f0a70c5b15d8f1|image_sitka_spruce_11.png|picea_sitchensis|
115|f0418e60ef763927|image_sitka_spruce_cones_38.png|picea_sitchensis|
116|d72a3fe56099c622|image_sitka_spruce_cones_7.png|picea_sitchensis|
117|ba9990c68f694f34|image_sitka_spruce_cones_10.png|picea_sitchensis|
118|919754baa2265e6b|image_sitka_spruce_cones_11.png|picea_sitchensis|
119|80c36f2db31db8d1|image_sitka_spruce_cones_39.png|picea_sitchensis|
120|a8c7346aa5ca7559|image_picea_sitchensis_in_winter_73.png|picea_sitchensis|
121|f4f0c64bcb889f09|image_sitka_spruce_0.png|picea_sitchensis|
122|bc61e3dcc8da9813|image_picea_sitchensis_in_winter_98.png|picea_sitchensis|
123|dc21a6665d6135cb|image_picea_sitchensis_46.png|picea_sitchensis|
124|f6d249f99909c926|image_picea_sitchensis_52.png|picea_sitchensis|
125|98843435f1e3c3d7|image_picea_sitchensis_91.png|picea_sitchensis|
126|d9f3669f27c40154|image_picea_sitchensis_95.png|picea_sitchensis|
127|f5dce8a533740b48|image_picea_sitchensis_81.png|picea_sitchensis|
128|87d7af24d065c073|image_picea_sitchensis_56.png|picea_sitchensis|
129|85a8984eed71f872|image_picea_sitchensis_in_winter_88.png|picea_sitchensis|
130|dac07cde0c22e3dc|image_sitka_spruce_4.png|picea_sitchensis|
131|c2c62f96b417964e|image_picea_sitchensis_in_winter_77.png|picea_sitchensis|
132|a3a1adac36d93932|image_picea_sitchensis_in_winter_63.png|picea_sitchensis|
133|ad53e103bf251b94|image_sitka_spruce_14.png|picea_sitchensis|
134|a9a1f554d4579334|image_sitka_spruce_28.png|picea_sitchensis|
135|8364d07f6c966969|image_sitka_spruce_cones_15.png|picea_sitchensis|
136|96a93b9647468f16|image_sitka_spruce_cones_29.png|picea_sitchensis|
137|c4137fc4aab44be2|image_sitka_spruce_cones_2.png|picea_sitchensis|
138|d0966fc9cd0f5a22|image_sitka_spruce_cones_3.png|picea_sitchensis|
139|af7cd0a335d243c4|image_sitka_spruce_cones_28.png|picea_sitchensis|
140|c7981dc7354c7266|image_sitka_spruce_cones_14.png|picea_sitchensis|
141|bbe1496cec4baa41|image_sitka_spruce_29.png|picea_sitchensis|
142|e433c392cc9bccc6|image_sitka_spruce_15.png|picea_sitchensis|
143|f0f69f8e2889cc98|image_sitka_spruce_5.png|picea_sitchensis|
144|8e91b132d353ce4e|image_picea_sitchensis_in_winter_89.png|picea_sitchensis|
145|893fca31da0df04d|image_picea_sitchensis_57.png|picea_sitchensis|
146|814f6ef804879fe8|image_picea_sitchensis_80.png|picea_sitchensis|
147|e0b81de2ccf46267|image_picea_sitchensis_94.png|picea_sitchensis|
148|e6161e0d3c5c396d|image_picea_sitchensis_69.png|picea_sitchensis|
149|85da583b3d3d2513|image_picea_sitchensis_55.png|picea_sitchensis|
150|d6b323cca14b3be0|image_sitka_spruce_7.png|picea_sitchensis|
151|a6cccc66cccccccc|image_sitka_spruce_17.png|picea_sitchensis|
152|e7df42c2c96124cb|image_sitka_spruce_cones_16.png|picea_sitchensis|
153|dc95a848f7018b7e|image_sitka_spruce_cones_1.png|picea_sitchensis|
154|f9128d2c366d35b1|image_sitka_spruce_cones_0.png|picea_sitchensis|
155|ea664683757e158c|image_sitka_spruce_cones_17.png|picea_sitchensis|
156|d0073ecfd922232f|image_sitka_spruce_16.png|picea_sitchensis|
157|bad7034b1a41fa2b|image_picea_sitchensis_in_winter_75.png|picea_sitchensis|
158|b3a6494fb438cb16|image_sitka_spruce_6.png|picea_sitchensis|
159|c594c3334ca4bd5e|image_picea_sitchensis_in_winter_49.png|picea_sitchensis|
160|ffc8406bdb369422|image_picea_sitchensis_54.png|picea_sitchensis|
161|94142e2dd59fcf28|image_picea_sitchensis_40.png|picea_sitchensis|
162|b7d7b2a191b4d0b0|image_picea_sitchensis_68.png|picea_sitchensis|
163|be46d19bccb48721|image_picea_sitchensis_97.png|picea_sitchensis|
164|b457b511d3a0d678|image_picea_sitchensis_83.png|picea_sitchensis|
165|9545ed68e21da24f|image_picea_sitchensis_59.png|picea_sitchensis|
166|c5f21ac54e906fc9|image_picea_sitchensis_in_winter_87.png|picea_sitchensis|
167|8cd6cc238e1ff461|image_picea_sitchensis_in_winter_93.png|picea_sitchensis|
168|cdb83c8d32c3669c|image_picea_sitchensis_in_winter_78.png|picea_sitchensis|
169|f981aced470f3930|image_sitka_spruce_27.png|picea_sitchensis|
170|af5a747514c1c3e4|image_sitka_spruce_33.png|picea_sitchensis|
171|b73cd542c82e15d5|image_sitka_spruce_cones_32.png|picea_sitchensis|
172|91da78a3b3a429f1|image_sitka_spruce_cones_27.png|picea_sitchensis|
173|e41b4b14ec34ec1f|image_sitka_spruce_cones_33.png|picea_sitchensis|
174|ea949485e9696eb8|image_sitka_spruce_32.png|picea_sitchensis|
175|efe0e08d97138d07|image_sitka_spruce_26.png|picea_sitchensis|
176|bef2804d8f460cf6|image_picea_sitchensis_in_winter_79.png|picea_sitchensis|
177|e15dbbc33ae1c034|image_picea_sitchensis_in_winter_45.png|picea_sitchensis|
178|ed4fd264d054c13b|image_picea_sitchensis_in_winter_92.png|picea_sitchensis|
179|9db2e40f956da560|image_picea_sitchensis_in_winter_86.png|picea_sitchensis|
180|e2b7c648b9c9c469|image_picea_sitchensis_58.png|picea_sitchensis|
181|89b1b342564d9b76|image_picea_sitchensis_64.png|picea_sitchensis|
182|e8e1ae375efd0208|image_picea_sitchensis_99.png|picea_sitchensis|
183|efc5524e8d299351|image_picea_sitchensis_72.png|picea_sitchensis|
184|9d3335e2cd195187|image_picea_sitchensis_66.png|picea_sitchensis|
185|974ba45269974ba5|image_picea_sitchensis_in_winter_90.png|picea_sitchensis|
186|d98607df9ccac825|image_picea_sitchensis_in_winter_84.png|picea_sitchensis|
187|8785307b6ea619e6|image_picea_sitchensis_in_winter_47.png|picea_sitchensis|
188|eaa594ca9b9bd904|image_sitka_spruce_8.png|picea_sitchensis|
189|e2ce8c119d317967|image_sitka_spruce_30.png|picea_sitchensis|
190|eed61b1d8606c9b4|image_sitka_spruce_cones_19.png|picea_sitchensis|
191|a633c5e1ca4f938c|image_sitka_spruce_cones_25.png|picea_sitchensis|
192|84b71293ccd3ea2e|image_sitka_spruce_cones_31.png|picea_sitchensis|
193|c4196ab76b923639|image_sitka_spruce_cones_24.png|picea_sitchensis|
194|eece61b328d4f380|image_sitka_spruce_cones_18.png|picea_sitchensis|
195|8dbffc29bf851008|image_sitka_spruce_25.png|picea_sitchensis|
196|ffb0c6f189195ac0|image_sitka_spruce_31.png|picea_sitchensis|
197|d5b4b53db64860e1|image_sitka_spruce_19.png|picea_sitchensis|
198|cbce1008f53d3cf2|image_sitka_spruce_9.png|picea_sitchensis|
199|ba9cd54a42a5e873|image_picea_sitchensis_in_winter_46.png|picea_sitchensis|
200|9b24b93ba64fa644|image_picea_sitchensis_in_winter_52.png|picea_sitchensis|
201|bf9acf04cf007e03|image_picea_sitchensis_in_winter_85.png|picea_sitchensis|
202|e4c7c91c9c6d3165|image_picea_sitchensis_in_winter_91.png|picea_sitchensis|
203|8fb931e7412c2df0|image_picea_sitchensis_73.png|picea_sitchensis|
204|a499786216b74b57|image_picea_sitchensis_98.png|picea_sitchensis|
205|e2480323b3f56d5e|image_picea_sitchensis_88.png|picea_sitchensis|
206|e3554fab2538591a|image_picea_sitchensis_77.png|picea_sitchensis|
207|f522095fd229c7b8|image_picea_sitchensis_63.png|picea_sitchensis|
208|8d99c67278cc8763|image_picea_sitchensis_in_winter_95.png|picea_sitchensis|
209|dd31a464e659995a|image_picea_sitchensis_in_winter_56.png|picea_sitchensis|
210|c0abfb45a813b64e|image_picea_sitchensis_in_winter_42.png|picea_sitchensis|
211|ff7e0044b4c1db92|image_sitka_spruce_35.png|picea_sitchensis|
212|d1f46cce5e4e2c0c|image_sitka_spruce_cones_20.png|picea_sitchensis|
213|d1df22e5a9830f0b|image_sitka_spruce_cones_34.png|picea_sitchensis|
214|a59e68b4164bbb29|image_sitka_spruce_cones_35.png|picea_sitchensis|
215|e93796c2c1c1999d|image_sitka_spruce_20.png|picea_sitchensis|
216|a9a49597d91aea51|image_picea_sitchensis_in_winter_80.png|picea_sitchensis|
217|b797c9402d11bfa1|image_picea_sitchensis_in_winter_94.png|picea_sitchensis|
218|975ba452ab55a349|image_picea_sitchensis_76.png|picea_sitchensis|
219|beccc132662e3e89|image_picea_sitchensis_74.png|picea_sitchensis|
220|e988491974e8a7eb|image_picea_sitchensis_in_winter_82.png|picea_sitchensis|
221|c7f3280a1ff4194b|image_picea_sitchensis_in_winter_69.png|picea_sitchensis|
222|80b51bd86f0e6e6c|image_picea_sitchensis_in_winter_55.png|picea_sitchensis|
223|d28ac85bd9a56e51|image_sitka_spruce_22.png|picea_sitchensis|
224|998772ff6c60914c|image_sitka_spruce_cones_37.png|picea_sitchensis|
225|99936e93b13c06c7|image_sitka_spruce_cones_8.png|picea_sitchensis|
226|83b5ada6a58d3495|image_sitka_spruce_cones_22.png|picea_sitchensis|
227|ec39cc3871339837|image_sitka_spruce_cones_9.png|picea_sitchensis|
228|a1d3960ce64ccb6e|image_sitka_spruce_cones_36.png|picea_sitchensis|
229|b7b6c240c02d9d5f|image_sitka_spruce_37.png|picea_sitchensis|
230|b5c2d30f3cf3012e|image_picea_sitchensis_in_winter_54.png|picea_sitchensis|
231|c54bf4d06ab748b4|image_picea_sitchensis_in_winter_97.png|picea_sitchensis|
232|8cbad5a952a5e1d2|image_picea_sitchensis_in_winter_83.png|picea_sitchensis|
233|80fd7e2a61552b71|image_picea_sitchensis_75.png|picea_sitchensis|
234|acda275ab643b84a|image_picea_sitchensis_61.png|picea_sitchensis|
235|a99ec790386bc663|image_picea_sitchensis_49.png|picea_sitchensis|
236|8bc24f18e0f8a7ab|image_sitka_spruce_78.png|picea_sitchensis|
237|a2693e83f8c4e9e4|image_sitka_spruce_44.png|picea_sitchensis|
238|b59d480885cefeb4|image_sitka_spruce_cones_92.png|picea_sitchensis|
239|f0153de54e0cd965|image_sitka_spruce_cones_86.png|picea_sitchensis|
240|9a2eaab82dc3343e|image_sitka_spruce_50.png|picea_sitchensis|
241|b64ba68b5b82e8f0|image_sitka_spruce_cones_79.png|picea_sitchensis|
242|eab4ca43954e33e4|image_sitka_spruce_cones_51.png|picea_sitchensis|
243|f31e18c026b6b766|image_sitka_spruce_cones_45.png|picea_sitchensis|
244|89b774eccb74808b|image_sitka_spruce_92.png|picea_sitchensis|
245|fc3cf57968426843|image_sitka_spruce_cones_50.png|picea_sitchensis|
246|97542b75e2a9c52c|image_sitka_spruce_cones_78.png|picea_sitchensis|
247|969315f49e762d28|image_sitka_spruce_51.png|picea_sitchensis|
248|9eae8f5836866c31|image_sitka_spruce_45.png|picea_sitchensis|
249|96c9781e23b07b35|image_sitka_spruce_cones_93.png|picea_sitchensis|
250|95374ec21f6de105|image_sitka_spruce_79.png|picea_sitchensis|
251|80c07f7f9f472198|image_picea_sitchensis_in_winter_32.png|picea_sitchensis|
252|dac36aa40f7b21b4|image_picea_sitchensis_13.png|picea_sitchensis|
253|8d89b43c3e71e1c3|image_picea_sitchensis_in_winter_30.png|picea_sitchensis|
254|c1c1f43df649ea14|image_picea_sitchensis_in_winter_24.png|picea_sitchensis|
255|fecd23c968b0708e|image_picea_sitchensis_in_winter_18.png|picea_sitchensis|
256|9965aa52f72f02d4|image_sitka_spruce_53.png|picea_sitchensis|
257|bb088d26d311d97b|image_sitka_spruce_cones_85.png|picea_sitchensis|
258|88e7581a9dd46f64|image_sitka_spruce_cones_91.png|picea_sitchensis|
259|af98e82d719ac5a4|image_sitka_spruce_47.png|picea_sitchensis|
260|85a953f46cc67926|image_picea_sitchensis_in_winter_8.png|picea_sitchensis|
261|f5a1a1d454d0f2ea|image_sitka_spruce_90.png|picea_sitchensis|
262|93ac58a54f1ee643|image_sitka_spruce_cones_46.png|picea_sitchensis|
263|d9d3658cac6c6989|image_sitka_spruce_cones_52.png|picea_sitchensis|
264|94e1781e6343cfc9|image_sitka_spruce_cones_53.png|picea_sitchensis|
265|f6a74109f8be03d1|image_sitka_spruce_85.png|picea_sitchensis|
266|cc93262631cd33f3|image_sitka_spruce_91.png|picea_sitchensis|
267|9970315fc5877f40|image_sitka_spruce_cones_47.png|picea_sitchensis|
268|f41171397649ad4b|image_picea_sitchensis_in_winter_9.png|picea_sitchensis|
269|9cb86336da52ac4b|image_sitka_spruce_cones_90.png|picea_sitchensis|
270|a0e6c3ed4f2030df|image_sitka_spruce_46.png|picea_sitchensis|
271|b7892a70f7949495|image_sitka_spruce_cones_84.png|picea_sitchensis|
272|918f9639cd8c29c7|image_picea_sitchensis_in_winter_19.png|picea_sitchensis|
273|93a4d0cd17b41f65|image_picea_sitchensis_in_winter_25.png|picea_sitchensis|
274|a365ceb18ea8f10e|image_sitka_spruce_cones_80.png|picea_sitchensis|
275|b4f405696a7ed624|image_sitka_spruce_42.png|picea_sitchensis|
276|ba9bd059b3098b35|image_sitka_spruce_cones_94.png|picea_sitchensis|
277|ede2e1d5e052871c|image_sitka_spruce_cones_43.png|picea_sitchensis|
278|91313dc47667643e|image_sitka_spruce_95.png|picea_sitchensis|
279|b16dd617e516cc24|image_sitka_spruce_cones_57.png|picea_sitchensis|
280|b39b99648c6ccccc|image_sitka_spruce_80.png|picea_sitchensis|
281|f476d38de6f10403|image_sitka_spruce_cones_56.png|picea_sitchensis|
282|c3da7a8cf46a3894|image_sitka_spruce_cones_42.png|picea_sitchensis|
283|a8f4d60a8a3dd72a|image_sitka_spruce_94.png|picea_sitchensis|
284|f3b33d68046c2d4d|image_sitka_spruce_43.png|picea_sitchensis|
285|a68e868592e0cff6|image_sitka_spruce_cones_95.png|picea_sitchensis|
286|9899c762d66b5a70|image_sitka_spruce_cones_81.png|picea_sitchensis|
287|eb93194c8b3bf070|image_sitka_spruce_57.png|picea_sitchensis|
288|cc0cc8e733e78c74|image_picea_sitchensis_in_winter_20.png|picea_sitchensis|
289|82b91c7763c7c685|image_picea_sitchensis_in_winter_34.png|picea_sitchensis|
290|b3a0d44b8b1ff4c8|image_picea_sitchensis_8.png|picea_sitchensis|
291|80fea7b851130fbc|image_picea_sitchensis_15.png|picea_sitchensis|
292|b1e003be1bef4986|image_picea_sitchensis_17.png|picea_sitchensis|
293|d0952f3b668c9e2c|image_picea_sitchensis_in_winter_36.png|picea_sitchensis|
294|983e3718f961e266|image_sitka_spruce_cones_97.png|picea_sitchensis|
295|b8d2705aad55b949|image_sitka_spruce_55.png|picea_sitchensis|
296|8cda5b21367e5741|image_sitka_spruce_69.png|picea_sitchensis|
297|b4f47121a1ecdc4b|image_sitka_spruce_cones_54.png|picea_sitchensis|
298|eec38d2340bf923a|image_sitka_spruce_96.png|picea_sitchensis|
299|c1e6739d47852395|image_sitka_spruce_cones_40.png|picea_sitchensis|
300|b68987e4ced033b2|image_sitka_spruce_cones_68.png|picea_sitchensis|
301|abbdc1304fcd3164|image_sitka_spruce_cones_69.png|picea_sitchensis|
302|9133639566899dea|image_sitka_spruce_cones_41.png|picea_sitchensis|
303|c9e436e1638fdc48|image_sitka_spruce_cones_55.png|picea_sitchensis|
304|c6ed6df5404b5903|image_sitka_spruce_68.png|picea_sitchensis|
305|9585e2b59da6ce30|image_sitka_spruce_54.png|picea_sitchensis|
306|c5d6561b5ad04de8|image_sitka_spruce_cones_96.png|picea_sitchensis|
307|bec0a0ee99265f64|image_picea_sitchensis_in_winter_37.png|picea_sitchensis|
308|b3b0d24b8d8cce4e|image_picea_sitchensis_16.png|picea_sitchensis|
309|b95f8bc2719411d9|image_london_plane_36.png|platanus_acerifolia|
310|e1e61e94e95a84e9|image_platanus_acerifolia_32.png|platanus_acerifolia|
311|b0b1c75f4e8f4c30|image_platanus_acerifolia_6.png|platanus_acerifolia|
312|cc9639a1fb5407e8|image_platanus_acerifolia_26.png|platanus_acerifolia|
313|aa47f62eacd85286|image_platanus_acerifolia_in_winter_32.png|platanus_acerifolia|
314|b28851b35da5ce1e|image_platanus_acerifolia_in_winter_26.png|platanus_acerifolia|
315|c39736f60cc85d23|image_platanus_acerifolia_fruit_44.png|platanus_acerifolia|
316|f82b82f007cdf654|image_platanus_acerifolia_fruit_50.png|platanus_acerifolia|
317|e6ad99019dc219de|image_platanus_acerifolia_fruit_1.png|platanus_acerifolia|
318|fe5a85b11c273166|image_platanus_acerifolia_fruit_78.png|platanus_acerifolia|
319|e7929c25d96296a5|image_platanus_acerifolia_fruit_87.png|platanus_acerifolia|
320|aa524dad42bce52b|image_platanus_acerifolia_fruit_93.png|platanus_acerifolia|
321|aa73d185ad2f50f0|image_platanus_acerifolia_fruit_92.png|platanus_acerifolia|
322|c3c32f5cf0d47a14|image_platanus_acerifolia_fruit_86.png|platanus_acerifolia|
323|c19e571eb0f01d9c|image_platanus_acerifolia_fruit_79.png|platanus_acerifolia|
324|e69d986349b4b64a|image_platanus_acerifolia_fruit_51.png|platanus_acerifolia|
325|e3c71ed0740fa4b1|image_platanus_acerifolia_fruit_0.png|platanus_acerifolia|
326|82413e997dbb1de0|image_platanus_acerifolia_fruit_45.png|platanus_acerifolia|
327|e5ec09936c8c3fd0|image_platanus_acerifolia_in_winter_27.png|platanus_acerifolia|
328|bc518794994edd58|image_platanus_acerifolia_in_winter_33.png|platanus_acerifolia|
329|9555392f110cff0d|image_platanus_acerifolia_27.png|platanus_acerifolia|
330|b6a2ba14a445b4df|image_platanus_acerifolia_7.png|platanus_acerifolia|
331|93a79936c1cad643|image_platanus_acerifolia_33.png|platanus_acerifolia|
332|9c9c9924d7acd2ac|image_london_plane_37.png|platanus_acerifolia|
333|e7679094ab1b8f30|image_london_plane_23.png|platanus_acerifolia|
334|d261f1f46ebcf001|image_london_plane_35.png|platanus_acerifolia|
335|e1a71252fb8a519d|image_london_plane_21.png|platanus_acerifolia|
336|a1a3a6ce58d2d26e|image_platanus_acerifolia_19.png|platanus_acerifolia|
337|b4c9d2b0cbc3cc8e|image_platanus_acerifolia_25.png|platanus_acerifolia|
338|d5fa49007f2d921d|image_platanus_acerifolia_31.png|platanus_acerifolia|
339|c1cbbb35c41c8f51|image_platanus_acerifolia_5.png|platanus_acerifolia|
340|e58dbc3bd25214c9|image_london_plane_8.png|platanus_acerifolia|
341|fb9445b204fd134e|image_platanus_acerifolia_in_winter_19.png|platanus_acerifolia|
342|e4835b70ac59d22f|image_platanus_acerifolia_in_winter_25.png|platanus_acerifolia|
343|a7e0588f661c67b8|image_platanus_acerifolia_in_winter_31.png|platanus_acerifolia|
344|d49d46c531c623de|image_platanus_acerifolia_fruit_2.png|platanus_acerifolia|
345|d4a31ad464f485d7|image_platanus_acerifolia_fruit_47.png|platanus_acerifolia|
346|ef97c04a90b43a67|image_platanus_acerifolia_fruit_90.png|platanus_acerifolia|
347|9821733f24e4e32f|image_platanus_acerifolia_fruit_84.png|platanus_acerifolia|
348|b3cccc3333cc2333|image_platanus_acerifolia_fruit_85.png|platanus_acerifolia|
349|bde8f86321a9d072|image_platanus_acerifolia_fruit_91.png|platanus_acerifolia|
350|db2f4e2dba110b16|image_platanus_acerifolia_fruit_46.png|platanus_acerifolia|
351|df1a94110e452ff6|image_platanus_acerifolia_fruit_52.png|platanus_acerifolia|
352|8292d8dcdd6f2332|image_platanus_acerifolia_in_winter_30.png|platanus_acerifolia|
353|f721d8c60e99a25b|image_platanus_acerifolia_in_winter_24.png|platanus_acerifolia|
354|b679813f00f98976|image_platanus_acerifolia_in_winter_18.png|platanus_acerifolia|
355|b41efcb5554d6007|image_london_plane_9.png|platanus_acerifolia|
356|ae2ca0c93764db5c|image_platanus_acerifolia_4.png|platanus_acerifolia|
357|bf95cb4a611e26c8|image_platanus_acerifolia_24.png|platanus_acerifolia|
358|b594920bc97dfc05|image_platanus_acerifolia_18.png|platanus_acerifolia|
359|932e63e0e59535d4|image_london_plane_20.png|platanus_acerifolia|
360|905f380b1bc5fb8c|image_london_plane_34.png|platanus_acerifolia|
361|eee4f11804af5c3c|image_london_plane_18.png|platanus_acerifolia|
362|bd39c2b089da388f|image_london_plane_30.png|platanus_acerifolia|
363|83b4d94bca61bcd2|image_london_plane_24.png|platanus_acerifolia|
364|bb9d3c66c59a180e|image_platanus_acerifolia_20.png|platanus_acerifolia|
365|b5b00ac1fc1ec753|image_platanus_acerifolia_34.png|platanus_acerifolia|
366|faf0d2d7d04a830b|image_platanus_acerifolia_0.png|platanus_acerifolia|
367|f2ba0a54b50b5bca|image_platanus_acerifolia_in_winter_20.png|platanus_acerifolia|
368|9b6d665259916ca9|image_platanus_acerifolia_in_winter_34.png|platanus_acerifolia|
369|a44363e34eac39ad|image_platanus_acerifolia_fruit_56.png|platanus_acerifolia|
370|986d3696e4682f33|image_platanus_acerifolia_fruit_95.png|platanus_acerifolia|
371|f9fcac268d25228d|image_platanus_acerifolia_fruit_81.png|platanus_acerifolia|
372|b39ac7693267c924|image_platanus_acerifolia_fruit_80.png|platanus_acerifolia|
373|f66ac5c7c05e9053|image_platanus_acerifolia_fruit_94.png|platanus_acerifolia|
374|af6ed1d0d649d806|image_platanus_acerifolia_fruit_43.png|platanus_acerifolia|
375|d8a1a1fb6852c92f|image_platanus_acerifolia_fruit_57.png|platanus_acerifolia|
376|b7c69a34613bc433|image_platanus_acerifolia_fruit_6.png|platanus_acerifolia|
377|f0723994ad6d4ad4|image_platanus_acerifolia_in_winter_35.png|platanus_acerifolia|
378|e0da09b7c2ac30df|image_platanus_acerifolia_in_winter_21.png|platanus_acerifolia|
379|d22f5236853fa3a8|image_platanus_acerifolia_35.png|platanus_acerifolia|
380|89d16a6e3c3c32e3|image_platanus_acerifolia_21.png|platanus_acerifolia|
381|e3c695f08347a11f|image_london_plane_25.png|platanus_acerifolia|
382|f1fdb68282049b1f|image_london_plane_31.png|platanus_acerifolia|
383|ea788d0e59f2c60d|image_london_plane_19.png|platanus_acerifolia|
384|bb46dc2fa2498f82|image_london_plane_27.png|platanus_acerifolia|
385|af84c9c8d13f9833|image_platanus_acerifolia_37.png|platanus_acerifolia|
386|acb5d64829d578ac|image_platanus_acerifolia_3.png|platanus_acerifolia|
387|a0a1d7568382dcfe|image_platanus_acerifolia_23.png|platanus_acerifolia|
388|b2e64511bada35ac|image_platanus_acerifolia_in_winter_37.png|platanus_acerifolia|
389|a0277da2dc06f12f|image_platanus_acerifolia_in_winter_23.png|platanus_acerifolia|
390|b16c11936af27b91|image_platanus_acerifolia_fruit_69.png|platanus_acerifolia|
391|f0528736ac39ea78|image_platanus_acerifolia_fruit_41.png|platanus_acerifolia|
392|b87ae325c1eda514|image_platanus_acerifolia_fruit_4.png|platanus_acerifolia|
393|ec0cc3b73ae1c358|image_platanus_acerifolia_fruit_55.png|platanus_acerifolia|
394|cde5cdc8b408721f|image_platanus_acerifolia_fruit_82.png|platanus_acerifolia|
395|c71a2ebd702638f1|image_platanus_acerifolia_fruit_96.png|platanus_acerifolia|
396|f91eb461948b368d|image_platanus_acerifolia_fruit_83.png|platanus_acerifolia|
397|e6999647c973922c|image_platanus_acerifolia_fruit_5.png|platanus_acerifolia|
398|db9433c134965d1d|image_platanus_acerifolia_fruit_54.png|platanus_acerifolia|
399|a519a659ad56a45b|image_platanus_acerifolia_fruit_40.png|platanus_acerifolia|
400|a30fb1c0a9ea436f|image_platanus_acerifolia_fruit_68.png|platanus_acerifolia|
401|feb520cb13e4db01|image_platanus_acerifolia_in_winter_22.png|platanus_acerifolia|
402|9d197138a430fab7|image_platanus_acerifolia_in_winter_36.png|platanus_acerifolia|
403|87a2709dcf3a9964|image_platanus_acerifolia_22.png|platanus_acerifolia|
404|fbe440cb8f28dd09|image_platanus_acerifolia_2.png|platanus_acerifolia|
405|fbf440c707728f28|image_platanus_acerifolia_36.png|platanus_acerifolia|
406|eee6c405c71b5a1a|image_london_plane_32.png|platanus_acerifolia|
407|fd30c20dce728d66|image_london_plane_26.png|platanus_acerifolia|
408|e9161eb817b6f406|image_london_plane_41.png|platanus_acerifolia|
409|f5a78a1adc798909|image_london_plane_55.png|platanus_acerifolia|
410|9642b249676fcda4|image_platanus_acerifolia_92.png|platanus_acerifolia|
411|e0f7834adf2d8152|image_platanus_acerifolia_86.png|platanus_acerifolia|
412|adc0f252b9061ebd|image_london_plane_69.png|platanus_acerifolia|
413|bd38c0950fcada0f|image_london_plane_82.png|platanus_acerifolia|
414|8ce1f052a7a4d376|image_london_plane_96.png|platanus_acerifolia|
415|fad5c202856e34db|image_platanus_acerifolia_79.png|platanus_acerifolia|
416|8c74f719bc47c518|image_platanus_acerifolia_51.png|platanus_acerifolia|
417|fbe1851f94148aea|image_platanus_acerifolia_in_winter_92.png|platanus_acerifolia|
418|f821a41fcf3036ae|image_platanus_acerifolia_in_winter_86.png|platanus_acerifolia|
419|af53d02c398fc32c|image_platanus_acerifolia_in_winter_79.png|platanus_acerifolia|
420|c49011f82ed46fd7|image_platanus_acerifolia_in_winter_51.png|platanus_acerifolia|
421|ecd8b6e4436cc11e|image_platanus_acerifolia_in_winter_45.png|platanus_acerifolia|
422|e7fcc198489f0473|image_platanus_acerifolia_fruit_27.png|platanus_acerifolia|
423|dc7aa75c3284f8e0|image_platanus_acerifolia_fruit_32.png|platanus_acerifolia|
424|87a5c8815d07f51f|image_platanus_acerifolia_fruit_26.png|platanus_acerifolia|
425|d1f65bc444c8e23d|image_platanus_acerifolia_in_winter_50.png|platanus_acerifolia|
426|87e7d67a8143a654|image_platanus_acerifolia_in_winter_78.png|platanus_acerifolia|
427|8f36c8259d4eb349|image_platanus_acerifolia_in_winter_87.png|platanus_acerifolia|
428|e0bf08f6194aa7b1|image_platanus_acerifolia_44.png|platanus_acerifolia|
429|ee30954cd28d7b83|image_platanus_acerifolia_50.png|platanus_acerifolia|
430|db5701a1d8e8dc6a|image_platanus_acerifolia_78.png|platanus_acerifolia|
431|b4a0c302cf1f8bf3|image_london_plane_97.png|platanus_acerifolia|
432|a1f7d00efc896887|image_london_plane_83.png|platanus_acerifolia|
433|b9e58c9ac6264ccd|image_london_plane_68.png|platanus_acerifolia|
434|d4d6491a2b98dd69|image_platanus_acerifolia_87.png|platanus_acerifolia|
435|8dce6de670661692|image_platanus_acerifolia_93.png|platanus_acerifolia|
436|b2f34b03e44f1d34|image_london_plane_54.png|platanus_acerifolia|
437|ad4406f42d9f473c|image_london_plane_56.png|platanus_acerifolia|
438|b959c227ec5cf428|image_platanus_acerifolia_85.png|platanus_acerifolia|
439|afc649533e7c2843|image_platanus_acerifolia_91.png|platanus_acerifolia|
440|e34c9333cb6a8ab2|image_london_plane_95.png|platanus_acerifolia|
441|b964b3de49d13231|image_london_plane_81.png|platanus_acerifolia|
442|e5a08f1fd858ad0d|image_platanus_acerifolia_46.png|platanus_acerifolia|
443|9df299a54a971b0a|image_platanus_acerifolia_52.png|platanus_acerifolia|
444|a6c95685c336f721|image_platanus_acerifolia_in_winter_9.png|platanus_acerifolia|
445|e71a1b96a56d49c1|image_platanus_acerifolia_in_winter_85.png|platanus_acerifolia|
446|eacb1514b2c329cf|image_platanus_acerifolia_in_winter_91.png|platanus_acerifolia|
447|964f72596631ce31|image_platanus_acerifolia_in_winter_46.png|platanus_acerifolia|
448|aa7ae2e3c156eaa0|image_platanus_acerifolia_in_winter_52.png|platanus_acerifolia|
449|85f1afce6a5c3103|image_platanus_acerifolia_fruit_30.png|platanus_acerifolia|
450|be844b389663366d|image_platanus_acerifolia_fruit_24.png|platanus_acerifolia|
451|ac86c28d4fa57cb2|image_platanus_acerifolia_fruit_19.png|platanus_acerifolia|
452|ad40a93e1efcd24a|image_platanus_acerifolia_fruit_25.png|platanus_acerifolia|
453|d34e94718e0d957c|image_platanus_acerifolia_fruit_31.png|platanus_acerifolia|
454|b6cd83f100ec4bab|image_platanus_acerifolia_in_winter_53.png|platanus_acerifolia|
455|cf677c013aba0743|image_platanus_acerifolia_in_winter_84.png|platanus_acerifolia|
456|eaf91462ed15885e|image_platanus_acerifolia_in_winter_8.png|platanus_acerifolia|
457|b9bec100d02f5e3d|image_platanus_acerifolia_53.png|platanus_acerifolia|
458|a9a15691b378cf86|image_platanus_acerifolia_47.png|platanus_acerifolia|
459|c2e5f1184cc53977|image_platanus_acerifolia_90.png|platanus_acerifolia|
460|b7d3c168ed46a291|image_platanus_acerifolia_84.png|platanus_acerifolia|
461|9c0f1c70c3be644f|image_london_plane_57.png|platanus_acerifolia|
462|e8d69622469969be|image_platanus_acerifolia_94.png|platanus_acerifolia|
463|bc39c3869bcb8439|image_london_plane_47.png|platanus_acerifolia|
464|fa9427c249b13697|image_platanus_acerifolia_43.png|platanus_acerifolia|
465|d9f81968e4cc660f|image_platanus_acerifolia_57.png|platanus_acerifolia|
466|ebd3852ece369884|image_london_plane_90.png|platanus_acerifolia|
467|87d6dad59e674021|image_london_plane_84.png|platanus_acerifolia|
468|91b52e4adab624cd|image_platanus_acerifolia_in_winter_80.png|platanus_acerifolia|
469|bb6c8111865a1f6f|image_platanus_acerifolia_in_winter_94.png|platanus_acerifolia|
470|f2e55886fe03b125|image_platanus_acerifolia_in_winter_43.png|platanus_acerifolia|
471|8683ff0360bf960b|image_platanus_acerifolia_in_winter_57.png|platanus_acerifolia|
472|f230b9989d4caea6|image_platanus_acerifolia_fruit_35.png|platanus_acerifolia|
473|e914b72ae0f24cf4|image_platanus_acerifolia_fruit_21.png|platanus_acerifolia|
474|ada99dd271a62856|image_platanus_acerifolia_fruit_20.png|platanus_acerifolia|
475|cf01d906ad7a43ad|image_platanus_acerifolia_fruit_34.png|platanus_acerifolia|
476|99e6323134cccdcd|image_platanus_acerifolia_in_winter_56.png|platanus_acerifolia|
477|da9b41e0fce85417|image_platanus_acerifolia_in_winter_95.png|platanus_acerifolia|
478|a6a7a6d65652184f|image_platanus_acerifolia_in_winter_81.png|platanus_acerifolia|
479|e999d00b9e7a8e25|image_london_plane_85.png|platanus_acerifolia|
480|a4fdd302cab93d48|image_london_plane_91.png|platanus_acerifolia|
481|874c3843899eb6e7|image_platanus_acerifolia_56.png|platanus_acerifolia|
482|e0a7d58c4a39f127|image_platanus_acerifolia_42.png|platanus_acerifolia|
483|fbe8e5ad10141b3a|image_london_plane_46.png|platanus_acerifolia|
484|a3b179f9da1a1286|image_london_plane_52.png|platanus_acerifolia|
485|e1e3ae1ec4d80dc9|image_platanus_acerifolia_81.png|platanus_acerifolia|
486|bcdfde60a0334037|image_platanus_acerifolia_97.png|platanus_acerifolia|
487|8871d73a461b771c|image_london_plane_78.png|platanus_acerifolia|
488|8a3b99e29c0379c7|image_platanus_acerifolia_83.png|platanus_acerifolia|
489|a7ab94df2e301287|image_london_plane_44.png|platanus_acerifolia|
490|d31b13f3b706252c|image_london_plane_50.png|platanus_acerifolia|
491|d511f1f1b1f092d2|image_platanus_acerifolia_54.png|platanus_acerifolia|
492|bbd10b8a9d436875|image_platanus_acerifolia_40.png|platanus_acerifolia|
493|bc6087ca96c36b8b|image_london_plane_87.png|platanus_acerifolia|
494|857a38658f975117|image_london_plane_93.png|platanus_acerifolia|
495|e1ec9eb711c112ae|image_platanus_acerifolia_in_winter_97.png|platanus_acerifolia|
496|d29d2a71ea21cd2e|image_platanus_acerifolia_in_winter_83.png|platanus_acerifolia|
497|b2ae4e5991729cc9|image_platanus_acerifolia_in_winter_54.png|platanus_acerifolia|
498|a49c1d36ce711ce6|image_platanus_acerifolia_in_winter_40.png|platanus_acerifolia|
499|8cd3da23c3a053fc|image_platanus_acerifolia_in_winter_68.png|platanus_acerifolia|
500|b4948f37a3f95812|image_platanus_acerifolia_fruit_22.png|platanus_acerifolia|
501|d7922cda270834fb|image_platanus_acerifolia_fruit_36.png|platanus_acerifolia|
502|f869c6869b371634|image_platanus_acerifolia_fruit_37.png|platanus_acerifolia|
503|f10f24f213dc09ed|image_platanus_acerifolia_fruit_23.png|platanus_acerifolia|
504|eb6656699a52a51a|image_platanus_acerifolia_in_winter_69.png|platanus_acerifolia|
505|d5346ab1b2b78685|image_platanus_acerifolia_in_winter_41.png|platanus_acerifolia|
506|d59534e40d7903cf|image_platanus_acerifolia_in_winter_55.png|platanus_acerifolia|
507|c19f0ce7b30c27a5|image_platanus_acerifolia_in_winter_82.png|platanus_acerifolia|
508|e1e67f26c1585235|image_platanus_acerifolia_in_winter_96.png|platanus_acerifolia|
509|f4d34b49cd8c24da|image_london_plane_92.png|platanus_acerifolia|
510|cf9f9f0b9060e145|image_london_plane_86.png|platanus_acerifolia|
511|894fb8d38458277e|image_platanus_acerifolia_41.png|platanus_acerifolia|
512|c76acf83d06bb058|image_platanus_acerifolia_55.png|platanus_acerifolia|
513|bbdad84dc404d627|image_london_plane_51.png|platanus_acerifolia|
514|ca89c94a76f36724|image_london_plane_45.png|platanus_acerifolia|
515|afbfd614a1911453|image_platanus_acerifolia_82.png|platanus_acerifolia|
516|bbf885038a5ccd2d|image_london_plane_79.png|platanus_acerifolia|
517|a89f565bae2d8033|image_platanus_acerifolia_96.png|platanus_acerifolia|
518|8e8b9bf0f40d1e52|image_london_plane_60.png|platanus_acerifolia|
519|bf69c09699879662|image_london_plane_48.png|platanus_acerifolia|
520|82c15edd3511e6f2|image_platanus_acerifolia_58.png|platanus_acerifolia|
521|b483ca6d35c26be4|image_platanus_acerifolia_70.png|platanus_acerifolia|
522|f3ecd4d303835683|image_platanus_acerifolia_in_winter_3.png|platanus_acerifolia|
523|98db32ee50956d92|image_platanus_acerifolia_in_winter_58.png|platanus_acerifolia|
524|a635ec05f863df01|image_platanus_acerifolia_in_winter_70.png|platanus_acerifolia|
525|eabd8152df08a85d|image_platanus_acerifolia_in_winter_64.png|platanus_acerifolia|
526|887730cc266cdf87|image_platanus_acerifolia_in_winter_65.png|platanus_acerifolia|
527|8170783f1fd41c3e|image_platanus_acerifolia_in_winter_71.png|platanus_acerifolia|
528|9e3ee28b98f83132|image_platanus_acerifolia_in_winter_59.png|platanus_acerifolia|
529|be71019c768e989b|image_platanus_acerifolia_in_winter_2.png|platanus_acerifolia|
530|bfe0d709905ea01f|image_platanus_acerifolia_59.png|platanus_acerifolia|
531|bf2852e8ce78194e|image_london_plane_49.png|platanus_acerifolia|
532|887b55aa0207ff55|image_london_plane_75.png|platanus_acerifolia|
533|b967c833c61a378c|image_london_plane_61.png|platanus_acerifolia|
534|b794eb6cc94e1892|image_london_plane_63.png|platanus_acerifolia|
535|961d6bc9cb1871c6|image_platanus_acerifolia_67.png|platanus_acerifolia|
536|bd349326ca6b2a78|image_platanus_acerifolia_73.png|platanus_acerifolia|
537|feeb00d37d009f60|image_platanus_acerifolia_in_winter_0.png|platanus_acerifolia|
538|ceb00cdb6cd1728d|image_platanus_acerifolia_in_winter_98.png|platanus_acerifolia|
539|87d2ba615925e69c|image_platanus_acerifolia_in_winter_67.png|platanus_acerifolia|
540|ea2eba510517dce4|image_platanus_acerifolia_in_winter_73.png|platanus_acerifolia|
541|9a64a5de755e12c8|image_platanus_acerifolia_fruit_11.png|platanus_acerifolia|
542|c77b40d896b449d3|image_platanus_acerifolia_fruit_39.png|platanus_acerifolia|
543|f27858734947cc99|image_platanus_acerifolia_fruit_38.png|platanus_acerifolia|
544|b3ada7191c3668ac|image_platanus_acerifolia_fruit_10.png|platanus_acerifolia|
545|acb212e7703dd5d0|image_platanus_acerifolia_in_winter_72.png|platanus_acerifolia|
546|e6b3448b994e3b92|image_platanus_acerifolia_in_winter_66.png|platanus_acerifolia|
547|bd3cc0c1cece8b31|image_platanus_acerifolia_in_winter_99.png|platanus_acerifolia|
548|b0b04fedf0927a32|image_platanus_acerifolia_72.png|platanus_acerifolia|
549|a9ae6ac9bb166544|image_platanus_acerifolia_66.png|platanus_acerifolia|
550|93ba792bc872bc50|image_london_plane_62.png|platanus_acerifolia|
551|f0b48fcb589d1869|image_platanus_acerifolia_99.png|platanus_acerifolia|
552|a3f3df5c0e01b2d0|image_london_plane_72.png|platanus_acerifolia|
553|d4321794e6123ded|image_platanus_acerifolia_89.png|platanus_acerifolia|
554|b0b84cbfb298e4ca|image_london_plane_99.png|platanus_acerifolia|
555|9c8aa935f3223aec|image_platanus_acerifolia_in_winter_89.png|platanus_acerifolia|
556|b903cbc4a5eb81f8|image_platanus_acerifolia_in_winter_62.png|platanus_acerifolia|
557|d993dee488ac3aa8|image_platanus_acerifolia_in_winter_76.png|platanus_acerifolia|
558|fd88c02d9f608ee3|image_platanus_acerifolia_fruit_28.png|platanus_acerifolia|
559|bc640f78875b908f|image_platanus_acerifolia_fruit_15.png|platanus_acerifolia|
560|e1cd14af47b04b33|image_platanus_acerifolia_fruit_29.png|platanus_acerifolia|
561|a8aa11ed3057d6ea|image_platanus_acerifolia_in_winter_63.png|platanus_acerifolia|
562|a4abded4862d934c|image_platanus_acerifolia_in_winter_88.png|platanus_acerifolia|
563|cd8604b1778f34f4|image_platanus_acerifolia_in_winter_4.png|platanus_acerifolia|
564|afaf90c48bc63c25|image_platanus_acerifolia_77.png|platanus_acerifolia|
565|b9b3534baf6c0074|image_platanus_acerifolia_63.png|platanus_acerifolia|
566|b3b2ce4f4cac324c|image_london_plane_67.png|platanus_acerifolia|
567|d6ededcaa003c392|image_platanus_acerifolia_88.png|platanus_acerifolia|
568|aba79151925bbac8|image_london_plane_59.png|platanus_acerifolia|
569|b598e4330ce5f362|image_london_plane_65.png|platanus_acerifolia|
570|c80e6f1d363e63a1|image_london_plane_71.png|platanus_acerifolia|
571|f4f4ab8296434adc|image_platanus_acerifolia_61.png|platanus_acerifolia|
572|f2e6d101890ebd5d|image_platanus_acerifolia_49.png|platanus_acerifolia|
573|b39918b44ccb4bb3|image_platanus_acerifolia_in_winter_6.png|platanus_acerifolia|
574|cab571b2480bf59c|image_platanus_acerifolia_in_winter_75.png|platanus_acerifolia|
575|a7dbd09458ac856b|image_platanus_acerifolia_in_winter_61.png|platanus_acerifolia|
576|e57a15c847e81769|image_platanus_acerifolia_in_winter_49.png|platanus_acerifolia|
577|d6314fc60b0fad2a|image_platanus_acerifolia_fruit_17.png|platanus_acerifolia|
578|ee668999979432c3|image_platanus_acerifolia_fruit_16.png|platanus_acerifolia|
579|ec4d2c52cd674336|image_platanus_acerifolia_in_winter_48.png|platanus_acerifolia|
580|96f7d1182fa7d048|image_platanus_acerifolia_in_winter_60.png|platanus_acerifolia|
581|f3a30c4ccaa3745e|image_platanus_acerifolia_in_winter_74.png|platanus_acerifolia|
582|8ee000d7bc53bb5a|image_platanus_acerifolia_in_winter_7.png|platanus_acerifolia|
583|f89acd3b44334ee0|image_platanus_acerifolia_60.png|platanus_acerifolia|
584|b3b2d2428d8ddd83|image_london_plane_70.png|platanus_acerifolia|
585|e3f397164a68cc25|image_london_plane_64.png|platanus_acerifolia|
586|db66218ebc796aa0|image_london_plane_17.png|platanus_acerifolia|
587|abbfd4c0d28a88da|image_platanus_acerifolia_13.png|platanus_acerifolia|
588|e363893dec8c0376|image_london_plane_2.png|platanus_acerifolia|
589|ece4051fba6052b7|image_platanus_acerifolia_in_winter_13.png|platanus_acerifolia|
590|a0d485b05fe72f19|image_platanus_acerifolia_fruit_65.png|platanus_acerifolia|
591|fa352d4cc4e9b458|image_platanus_acerifolia_fruit_71.png|platanus_acerifolia|
592|d6d0e2303c497fa6|image_platanus_acerifolia_fruit_8.png|platanus_acerifolia|
593|c196afd8b4634c27|image_platanus_acerifolia_fruit_58.png|platanus_acerifolia|
594|bb91a553315a0b5b|image_platanus_acerifolia_fruit_70.png|platanus_acerifolia|
595|a38c41f3599d46ae|image_platanus_acerifolia_fruit_64.png|platanus_acerifolia|
596|8050789ede3ee3c3|image_platanus_acerifolia_in_winter_12.png|platanus_acerifolia|
597|e1f4981cbd78b123|image_platanus_acerifolia_12.png|platanus_acerifolia|
598|f5a1da0791ec0ad6|image_london_plane_16.png|platanus_acerifolia|
599|b6b6d6c2c98151dc|image_london_plane_14.png|platanus_acerifolia|
600|a5afea53d256812a|image_london_plane_28.png|platanus_acerifolia|
601|a1d4da142ff1427e|image_platanus_acerifolia_10.png|platanus_acerifolia|
602|a65939cc5419e63d|image_london_plane_1.png|platanus_acerifolia|
603|dc23ac4ed3548769|image_platanus_acerifolia_in_winter_38.png|platanus_acerifolia|
604|9987c768b0ce6b91|image_platanus_acerifolia_in_winter_10.png|platanus_acerifolia|
605|ad9a1a5ae5e50687|image_platanus_acerifolia_fruit_72.png|platanus_acerifolia|
606|edb38a79985552a2|image_platanus_acerifolia_fruit_66.png|platanus_acerifolia|
607|93a925b2f04d92de|image_platanus_acerifolia_fruit_99.png|platanus_acerifolia|
608|f39ce1daa6691861|image_platanus_acerifolia_fruit_98.png|platanus_acerifolia|
609|d888ebe9670347d4|image_platanus_acerifolia_fruit_67.png|platanus_acerifolia|
610|c3f199c46dc6748a|image_platanus_acerifolia_fruit_73.png|platanus_acerifolia|
611|aab4d3569e1a05ea|image_platanus_acerifolia_in_winter_11.png|platanus_acerifolia|
612|c3d71de80bc2c61d|image_platanus_acerifolia_in_winter_39.png|platanus_acerifolia|
613|b16cc7d11c9b703a|image_london_plane_0.png|platanus_acerifolia|
614|bce3956b48346d2a|image_platanus_acerifolia_39.png|platanus_acerifolia|
615|a6f409f23c0378d7|image_london_plane_15.png|platanus_acerifolia|
616|f1339739c8cc2ccc|image_london_plane_39.png|platanus_acerifolia|
617|a12d0847fe11cf7c|image_london_plane_11.png|platanus_acerifolia|
618|bf9ec061679319a8|image_platanus_acerifolia_15.png|platanus_acerifolia|
619|a5c83175e131fa65|image_platanus_acerifolia_9.png|platanus_acerifolia|
620|f24ff30cf1f30824|image_platanus_acerifolia_in_winter_15.png|platanus_acerifolia|
621|935a34da49e462bb|image_platanus_acerifolia_in_winter_29.png|platanus_acerifolia|
622|87bff4631a604b98|image_platanus_acerifolia_fruit_77.png|platanus_acerifolia|
623|94e48da4c1b9d76c|image_platanus_acerifolia_fruit_88.png|platanus_acerifolia|
624|fff16d7888408578|image_platanus_acerifolia_fruit_89.png|platanus_acerifolia|
625|b9e2c25c8e3b4f12|image_platanus_acerifolia_fruit_62.png|platanus_acerifolia|
626|8b7c1a39f016e85b|image_platanus_acerifolia_in_winter_14.png|platanus_acerifolia|
627|e13492c8ad0fcbe6|image_london_plane_5.png|platanus_acerifolia|
628|b5a1c317cef810d5|image_platanus_acerifolia_8.png|platanus_acerifolia|
629|e0ef8c14dc93ca9c|image_platanus_acerifolia_14.png|platanus_acerifolia|
630|abe795119b1f6290|image_london_plane_10.png|platanus_acerifolia|
631|e6ebfc19c09407a6|image_london_plane_38.png|platanus_acerifolia|
632|f65a5ae64d458459|image_london_plane_12.png|platanus_acerifolia|
633|ebfee005b08cde82|image_platanus_acerifolia_16.png|platanus_acerifolia|
634|a0a8ff2b61b074c7|image_london_plane_7.png|platanus_acerifolia|
635|eb40d521ea7eb213|image_platanus_acerifolia_in_winter_16.png|platanus_acerifolia|
636|e5f9a28d97b02b48|image_platanus_acerifolia_fruit_48.png|platanus_acerifolia|
637|ef2635bec8493309|image_platanus_acerifolia_fruit_74.png|platanus_acerifolia|
638|ff267471c11741c9|image_platanus_acerifolia_fruit_75.png|platanus_acerifolia|
639|c7e53c891933314f|image_platanus_acerifolia_fruit_61.png|platanus_acerifolia|
640|edc892916e36c9c9|image_platanus_acerifolia_fruit_49.png|platanus_acerifolia|
641|a748be43a85f847a|image_platanus_acerifolia_in_winter_17.png|platanus_acerifolia|
642|d0c22de45f1f321b|image_london_plane_6.png|platanus_acerifolia|
643|a191d092cd1eef27|image_london_plane_13.png|platanus_acerifolia|
644|9bb759cb29301aa5|image_bigleaf_maple_57.png|acer_macrophylum|
645|99c20b3b74d53de0|image_bigleaf_maple_43.png|acer_macrophylum|
646|a1e1e0d4e646e765|image_big_leaf_maple_bark_48.png|acer_macrophylum|
647|d3c161631f2b4b4e|image_bigleaf_maple_94.png|acer_macrophylum|
648|c891b35fed643432|image_bigleaf_maple_80.png|acer_macrophylum|
649|b34194e34c0bf5d3|image_big_leaf_maple_bark_74.png|acer_macrophylum|
650|9f62153773335318|image_big_leaf_maple_bark_60.png|acer_macrophylum|
651|81973f6f2589a3b0|image_acer_macrophylum_in_winter_24.png|acer_macrophylum|
652|917b2bc1a3c342f5|image_acer_macrophylum_in_winter_30.png|acer_macrophylum|
653|8352aed9ac3b9239|image_acer_macrophylum_in_winter_18.png|acer_macrophylum|
654|d81ab7cc5c308adb|image_acer_macrophylum_seeds_1.png|acer_macrophylum|
655|c15f3f30a64fa21c|image_acer_macrophylum_seeds_84.png|acer_macrophylum|
656|e54c9673cd643949|image_acer_macrophylum_97.png|acer_macrophylum|
657|d00f7c177d248d27|image_acer_macrophylum_seeds_90.png|acer_macrophylum|
658|ae8cbc09d42ad33b|image_acer_macrophylum_68.png|acer_macrophylum|
659|82c178cd64b13f9b|image_bigleaf_maple_8.png|acer_macrophylum|
660|e835a8e557075716|image_acer_macrophylum_seeds_47.png|acer_macrophylum|
661|d3942c6b323d3d34|image_acer_macrophylum_seeds_53.png|acer_macrophylum|
662|92a66f9f24c1832f|image_acer_macrophylum_leaves_59.png|acer_macrophylum|
663|fdbf4e100ea10778|image_acer_macrophylum_leaves_65.png|acer_macrophylum|
664|bbcca4ab4c13cc71|image_acer_macrophylum_leaves_64.png|acer_macrophylum|
665|d2cd383269f66c86|image_acer_macrophylum_leaves_70.png|acer_macrophylum|
666|c6d4d4469e38ed45|image_acer_macrophylum_seeds_52.png|acer_macrophylum|
667|d5f5ab02884ac63f|image_acer_macrophylum_41.png|acer_macrophylum|
668|af26c578d8191e99|image_bigleaf_maple_9.png|acer_macrophylum|
669|ffc8c1fecd80c1c0|image_acer_macrophylum_96.png|acer_macrophylum|
670|91fd2451674637cc|image_acer_macrophylum_seeds_91.png|acer_macrophylum|
671|f1191631b7d332c9|image_acer_macrophylum_seeds_0.png|acer_macrophylum|
672|bad18c0e81fc63f4|image_acer_macrophylum_in_winter_19.png|acer_macrophylum|
673|c0b67649126bf4b5|image_acer_macrophylum_in_winter_31.png|acer_macrophylum|
674|f115955aca09fc65|image_acer_macrophylum_in_winter_25.png|acer_macrophylum|
675|ff075c603b1a7682|image_big_leaf_maple_bark_75.png|acer_macrophylum|
676|f5dda0c4ef114aa1|image_bigleaf_maple_81.png|acer_macrophylum|
677|f98d0ee607738319|image_big_leaf_maple_bark_49.png|acer_macrophylum|
678|85296a5a41f55577|image_bigleaf_maple_95.png|acer_macrophylum|
679|c3b5566a6193dc26|image_bigleaf_maple_42.png|acer_macrophylum|
680|fa6d8592781d3652|image_bigleaf_maple_56.png|acer_macrophylum|
681|c6b3adc13c485bc6|image_bigleaf_maple_40.png|acer_macrophylum|
682|d2d23d2da10bcb95|image_bigleaf_maple_54.png|acer_macrophylum|
683|eeade1403a7e2a4a|image_big_leaf_maple_bark_88.png|acer_macrophylum|
684|bfeac055c208877e|image_bigleaf_maple_68.png|acer_macrophylum|
685|c4f14933723f0c7a|image_bigleaf_maple_83.png|acer_macrophylum|
686|918e1cc32add3c1f|image_bigleaf_maple_97.png|acer_macrophylum|
687|9a7376b68f4c9424|image_big_leaf_maple_bark_63.png|acer_macrophylum|
688|aeec11278b77508b|image_big_leaf_maple_bark_77.png|acer_macrophylum|
689|c6196e507ae9e265|image_acer_macrophylum_in_winter_27.png|acer_macrophylum|
690|c1f0ec3c4f324e1e|image_acer_macrophylum_seeds_2.png|acer_macrophylum|
691|cfc859e02646753d|image_acer_macrophylum_seeds_93.png|acer_macrophylum|
692|c1e0789f3997462e|image_acer_macrophylum_94.png|acer_macrophylum|
693|b790d34b9e69858a|image_acer_macrophylum_seeds_78.png|acer_macrophylum|
694|e41307475d9b1a5b|image_acer_macrophylum_seeds_50.png|acer_macrophylum|
695|bcf4aae654a2ad12|image_acer_macrophylum_57.png|acer_macrophylum|
696|f1e91d91d14f54b0|image_acer_macrophylum_seeds_44.png|acer_macrophylum|
697|f5061cd552ea63e2|image_acer_macrophylum_leaves_66.png|acer_macrophylum|
698|dae8c9b6678952d0|image_acer_macrophylum_leaves_72.png|acer_macrophylum|
699|9a38bc87c42ec7e2|image_acer_macrophylum_leaves_73.png|acer_macrophylum|
700|c4a7371692cbce45|image_acer_macrophylum_leaves_67.png|acer_macrophylum|
701|c5c756dc64f0740d|image_acer_macrophylum_seeds_45.png|acer_macrophylum|
702|c1bc72d86e03938f|image_acer_macrophylum_seeds_79.png|acer_macrophylum|
703|9df831c502c56f5a|image_acer_macrophylum_81.png|acer_macrophylum|
704|8ab86923236d6eb6|image_acer_macrophylum_seeds_86.png|acer_macrophylum|
705|d20d5c7a6935316e|image_acer_macrophylum_seeds_92.png|acer_macrophylum|
706|c0a831e67d86b9a7|image_acer_macrophylum_95.png|acer_macrophylum|
707|b1bc7ef0c1cc448e|image_acer_macrophylum_seeds_3.png|acer_macrophylum|
708|83c37a1ef67b9500|image_acer_macrophylum_in_winter_32.png|acer_macrophylum|
709|a0c0a0ebaf974fa6|image_big_leaf_maple_bark_62.png|acer_macrophylum|
710|94e0e1f1f5949e92|image_bigleaf_maple_96.png|acer_macrophylum|
711|86c16d8645174f3f|image_bigleaf_maple_82.png|acer_macrophylum|
712|a475238e6ede14c9|image_bigleaf_maple_69.png|acer_macrophylum|
713|cbf290dad89d0693|image_bigleaf_maple_55.png|acer_macrophylum|
714|a328b7ec970a5be0|image_bigleaf_maple_41.png|acer_macrophylum|
715|fc698d41a55259ec|image_bigleaf_maple_79.png|acer_macrophylum|
716|83757c9ec053e1d8|image_bigleaf_maple_45.png|acer_macrophylum|
717|fcf80ecd0037047f|image_big_leaf_maple_bark_99.png|acer_macrophylum|
718|8b89cc2d26ae8b9b|image_big_leaf_maple_bark_66.png|acer_macrophylum|
719|d0922c48343aedff|image_big_leaf_maple_bark_72.png|acer_macrophylum|
720|c0a72aa987de6ce1|image_bigleaf_maple_86.png|acer_macrophylum|
721|ddd2688d3b692594|image_acer_macrophylum_in_winter_36.png|acer_macrophylum|
722|a8b4934b8e19e65b|image_acer_macrophylum_seeds_7.png|acer_macrophylum|
723|b9d9835227440dfd|image_acer_macrophylum_91.png|acer_macrophylum|
724|d0540e2fdeab45a3|image_acer_macrophylum_seeds_82.png|acer_macrophylum|
725|c7a831cc9e71f846|image_acer_macrophylum_85.png|acer_macrophylum|
726|99980b2ff570ca1b|image_acer_macrophylum_52.png|acer_macrophylum|
727|fa4ec0900fca3e2f|image_acer_macrophylum_seeds_55.png|acer_macrophylum|
728|c3a5566a6193dca6|image_acer_macrophylum_seeds_41.png|acer_macrophylum|
729|d8f4d59d98918783|image_acer_macrophylum_46.png|acer_macrophylum|
730|9be9e439f8302c27|image_acer_macrophylum_seeds_69.png|acer_macrophylum|
731|e2a2f75b5a0a5a85|image_acer_macrophylum_leaves_88.png|acer_macrophylum|
732|81bcf1b8ae1b590e|image_acer_macrophylum_leaves_63.png|acer_macrophylum|
733|9ef630b296cf5812|image_acer_macrophylum_leaves_77.png|acer_macrophylum|
734|d9f1621e6e0ac4e9|image_acer_macrophylum_leaves_76.png|acer_macrophylum|
735|937064f5c413f59c|image_acer_macrophylum_leaves_62.png|acer_macrophylum|
736|b90942b62db94afc|image_acer_macrophylum_leaves_89.png|acer_macrophylum|
737|94e3572ef0076ab1|image_acer_macrophylum_seeds_68.png|acer_macrophylum|
738|cc8ff43b60750197|image_acer_macrophylum_seeds_40.png|acer_macrophylum|
739|afadd4d482fb02c1|image_acer_macrophylum_53.png|acer_macrophylum|
740|9ba0a0a96de765b2|image_acer_macrophylum_seeds_83.png|acer_macrophylum|
741|91d82f3b586f18a5|image_acer_macrophylum_84.png|acer_macrophylum|
742|8db3306e6994b5cc|image_acer_macrophylum_seeds_97.png|acer_macrophylum|
743|abae067f7df11010|image_bigleaf_maple_93.png|acer_macrophylum|
744|839978cacd47caac|image_bigleaf_maple_87.png|acer_macrophylum|
745|ce16553e3823c3ab|image_big_leaf_maple_bark_73.png|acer_macrophylum|
746|cbef15ae8154554a|image_big_leaf_maple_bark_67.png|acer_macrophylum|
747|aad4d8f23cb43d60|image_bigleaf_maple_50.png|acer_macrophylum|
748|9be5c925ce38aa62|image_bigleaf_maple_44.png|acer_macrophylum|
749|96c969366bd2c932|image_bigleaf_maple_78.png|acer_macrophylum|
750|e9a4d619b1472ef0|image_bigleaf_maple_52.png|acer_macrophylum|
751|f6569020789ecfc3|image_bigleaf_maple_46.png|acer_macrophylum|
752|de95e0503f0e2b8b|image_big_leaf_maple_bark_71.png|acer_macrophylum|
753|ceff081cf0c3f0c1|image_big_leaf_maple_bark_65.png|acer_macrophylum|
754|f025815bbce43bc3|image_bigleaf_maple_91.png|acer_macrophylum|
755|b8f857572aa85455|image_big_leaf_maple_bark_59.png|acer_macrophylum|
756|d1c34f9be9844c6c|image_bigleaf_maple_85.png|acer_macrophylum|
757|a9c3991ea713e1b2|image_acer_macrophylum_in_winter_21.png|acer_macrophylum|
758|d0e73f58659cf042|image_acer_macrophylum_in_winter_35.png|acer_macrophylum|
759|e0caff2d9131057c|image_acer_macrophylum_86.png|acer_macrophylum|
760|8ddab59c95859259|image_acer_macrophylum_seeds_81.png|acer_macrophylum|
761|ebf4e6d7604b220a|image_acer_macrophylum_seeds_95.png|acer_macrophylum|
762|b59584838a8aaefe|image_acer_macrophylum_92.png|acer_macrophylum|
763|ee36c0cd959a50f2|image_acer_macrophylum_seeds_42.png|acer_macrophylum|
764|cc0c47f635e4af42|image_acer_macrophylum_79.png|acer_macrophylum|
765|e1cbce2693319d94|image_acer_macrophylum_leaves_74.png|acer_macrophylum|
766|a1da2c90a771fda4|image_acer_macrophylum_leaves_60.png|acer_macrophylum|
767|9bb8a3b3d440c177|image_acer_macrophylum_leaves_49.png|acer_macrophylum|
768|bfc04a9c6d3c8369|image_acer_macrophylum_leaves_61.png|acer_macrophylum|
769|95ac6a6964764bc5|image_acer_macrophylum_78.png|acer_macrophylum|
770|c67860c373f8b0a7|image_acer_macrophylum_seeds_57.png|acer_macrophylum|
771|8ad391183a3f759c|image_acer_macrophylum_seeds_43.png|acer_macrophylum|
772|d2032954ef6f2636|image_acer_macrophylum_seeds_94.png|acer_macrophylum|
773|cca1b88973ce674c|image_acer_macrophylum_87.png|acer_macrophylum|
774|f199ca42dcea0f54|image_acer_macrophylum_seeds_80.png|acer_macrophylum|
775|ad049093d3e4cf1f|image_acer_macrophylum_seeds_5.png|acer_macrophylum|
776|e32c96da4929395d|image_acer_macrophylum_in_winter_20.png|acer_macrophylum|
777|9ab1b1f8cc6178f0|image_big_leaf_maple_bark_58.png|acer_macrophylum|
778|d0e53f5a658cf442|image_bigleaf_maple_84.png|acer_macrophylum|
779|f0c1ff8a4b90183f|image_bigleaf_maple_90.png|acer_macrophylum|
780|b6e8695a55a194b5|image_big_leaf_maple_bark_64.png|acer_macrophylum|
781|f711614e334ccc75|image_big_leaf_maple_bark_70.png|acer_macrophylum|
782|f0d6e110ae0baf6a|image_bigleaf_maple_47.png|acer_macrophylum|
783|90a229cdf4d972ba|image_bigleaf_maple_34.png|acer_macrophylum|
784|c72c756a648622bf|image_big_leaf_maple_bark_17.png|acer_macrophylum|
785|a4a64327366cbd59|image_acer_macrophylum_in_winter_53.png|acer_macrophylum|
786|a80ae826a36bafb5|image_acer_macrophylum_leaves_3.png|acer_macrophylum|
787|e9dc92a736d80c66|image_acer_macrophylum_in_winter_84.png|acer_macrophylum|
788|972e9015b673b50e|image_acer_macrophylum_in_winter_90.png|acer_macrophylum|
789|96d56a2e71397164|image_acer_macrophylum_seeds_18.png|acer_macrophylum|
790|c8d2fa8a2c0a6abf|image_acer_macrophylum_seeds_24.png|acer_macrophylum|
791|80a73fb57c5664c8|image_acer_macrophylum_seeds_30.png|acer_macrophylum|
792|b5b25b0dac4ec361|image_acer_macrophylum_37.png|acer_macrophylum|
793|ce9424fcf1c5c38c|image_acer_macrophylum_seeds_31.png|acer_macrophylum|
794|af949dbc2d6cb120|image_acer_macrophylum_seeds_25.png|acer_macrophylum|
795|9aa71d84a197764b|image_acer_macrophylum_seeds_19.png|acer_macrophylum|
796|8b59b06eac539761|image_acer_macrophylum_in_winter_91.png|acer_macrophylum|
797|d1926a8946dba537|image_acer_macrophylum_in_winter_85.png|acer_macrophylum|
798|87ad3e9450da1f4a|image_acer_macrophylum_leaves_2.png|acer_macrophylum|
799|d0b0f0acc9ead9e8|image_acer_macrophylum_in_winter_52.png|acer_macrophylum|
800|d449363669f05b3c|image_acer_macrophylum_in_winter_46.png|acer_macrophylum|
801|aaf0559f0b0a4f39|image_big_leaf_maple_bark_16.png|acer_macrophylum|
802|bb27c2914d9c1d0f|image_bigleaf_maple_21.png|acer_macrophylum|
803|dea32dd333ec028c|image_bigleaf_maple_35.png|acer_macrophylum|
804|aeba841124d0ef7b|image_bigleaf_maple_23.png|acer_macrophylum|
805|e797656d9061c463|image_bigleaf_maple_37.png|acer_macrophylum|
806|bea8ebfa8aa25414|image_big_leaf_maple_bark_28.png|acer_macrophylum|
807|f157f80d8d31fa10|image_big_leaf_maple_bark_14.png|acer_macrophylum|
808|9099c9bb26d5c4f4|image_acer_macrophylum_in_winter_50.png|acer_macrophylum|
809|b08dc6b1c93e99b4|image_acer_macrophylum_leaves_0.png|acer_macrophylum|
810|f2870cdf19877035|image_acer_macrophylum_in_winter_87.png|acer_macrophylum|
811|eb36a5cd891b9292|image_acer_macrophylum_seeds_33.png|acer_macrophylum|
812|ad0d998d839e529b|image_acer_macrophylum_seeds_27.png|acer_macrophylum|
813|c0b949833cf91f47|image_acer_macrophylum_leaves_39.png|acer_macrophylum|
814|f3800cdf1bc67435|image_acer_macrophylum_in_winter_8.png|acer_macrophylum|
815|9827654966ccbbd1|image_acer_macrophylum_leaves_38.png|acer_macrophylum|
816|dce1e19730fc6c09|image_acer_macrophylum_seeds_26.png|acer_macrophylum|
817|e5c24a35e60a35e7|image_acer_macrophylum_in_winter_79.png|acer_macrophylum|
818|8c732a58b546b54f|image_acer_macrophylum_in_winter_51.png|acer_macrophylum|
819|d05f2a5ab65aa54a|image_big_leaf_maple_bark_15.png|acer_macrophylum|
820|856e4a3091cf7cd9|image_big_leaf_maple_bark_29.png|acer_macrophylum|
821|bea89041cb6ead35|image_bigleaf_maple_36.png|acer_macrophylum|
822|8befb594c4c8592a|image_bigleaf_maple_22.png|acer_macrophylum|
823|a8aa5a8d4fa86b69|image_big_leaf_maple_bark_11.png|acer_macrophylum|
824|bd57c9bda6234c01|image_big_leaf_maple_bark_39.png|acer_macrophylum|
825|c75613b56dc36185|image_acer_macrophylum_in_winter_69.png|acer_macrophylum|
826|c41c6cc333e6b46e|image_acer_macrophylum_leaves_5.png|acer_macrophylum|
827|878763dc60a37da8|image_acer_macrophylum_in_winter_55.png|acer_macrophylum|
828|91aa3cec8e719acc|image_acer_macrophylum_in_winter_41.png|acer_macrophylum|
829|c08130ede6f345f9|image_acer_macrophylum_in_winter_96.png|acer_macrophylum|
830|cece2974b81cec49|image_acer_macrophylum_in_winter_82.png|acer_macrophylum|
831|900f077053d1f5fa|image_acer_macrophylum_seeds_36.png|acer_macrophylum|
832|d0970f49686e726b|image_acer_macrophylum_25.png|acer_macrophylum|
833|a98919d62d16787d|image_acer_macrophylum_seeds_22.png|acer_macrophylum|
834|84d896271e57d3d1|image_acer_macrophylum_19.png|acer_macrophylum|
835|e1b9ce63c23c8aa9|image_big_leaf_maple_bark_8.png|acer_macrophylum|
836|bca11ddd73c20b0d|image_acer_macrophylum_leaves_29.png|acer_macrophylum|
837|b9f6d246026a7aaa|image_big_leaf_maple_bark_9.png|acer_macrophylum|
838|aeb9d5c6c3038f0c|image_acer_macrophylum_18.png|acer_macrophylum|
839|86a36361f1d34d35|image_acer_macrophylum_24.png|acer_macrophylum|
840|d9f069d8859f0e0d|image_acer_macrophylum_seeds_23.png|acer_macrophylum|
841|db77cd4cf408c44c|image_acer_macrophylum_in_winter_83.png|acer_macrophylum|
842|9461e8a6568f63d3|image_acer_macrophylum_in_winter_40.png|acer_macrophylum|
843|af00f0f736ec84c6|image_acer_macrophylum_in_winter_54.png|acer_macrophylum|
844|9eb6a29b6b5d0581|image_big_leaf_maple_bark_38.png|acer_macrophylum|
845|bf54af525aa0554a|image_big_leaf_maple_bark_10.png|acer_macrophylum|
846|d6e339108b8e39a7|image_bigleaf_maple_33.png|acer_macrophylum|
847|e646a36ad6a45e86|image_bigleaf_maple_27.png|acer_macrophylum|
848|88a8abf644e83fa6|image_bigleaf_maple_19.png|acer_macrophylum|
849|d58b0b94dc6d49b4|image_bigleaf_maple_31.png|acer_macrophylum|
850|f317318c31d3843f|image_big_leaf_maple_bark_12.png|acer_macrophylum|
851|85c65a6a68b47a3d|image_acer_macrophylum_leaves_6.png|acer_macrophylum|
852|afd58126de22d961|image_acer_macrophylum_in_winter_56.png|acer_macrophylum|
853|f3e6a2d4d4984713|image_acer_macrophylum_in_winter_81.png|acer_macrophylum|
854|d6e238318b8e39a7|image_acer_macrophylum_seeds_21.png|acer_macrophylum|
855|eb90ca2dc8b19ce3|image_acer_macrophylum_seeds_35.png|acer_macrophylum|
856|ea18c1e6b591933b|image_acer_macrophylum_seeds_34.png|acer_macrophylum|
857|eb8630e2a34f87cc|image_acer_macrophylum_in_winter_94.png|acer_macrophylum|
858|8595313197cfcf60|image_acer_macrophylum_in_winter_80.png|acer_macrophylum|
859|c9b8a50c60d73ef1|image_acer_macrophylum_in_winter_43.png|acer_macrophylum|
860|9be1c0c31ecba6d4|image_big_leaf_maple_bark_13.png|acer_macrophylum|
861|d2c8726c3c2f1c9e|image_bigleaf_maple_24.png|acer_macrophylum|
862|b8ee9356cad51584|image_bigleaf_maple_30.png|acer_macrophylum|
863|fdbcc03dd2218971|image_bigleaf_maple_15.png|acer_macrophylum|
864|aeaa2aabaaaa8ad1|image_big_leaf_maple_bark_36.png|acer_macrophylum|
865|b0b698495d6992be|image_big_leaf_maple_bark_22.png|acer_macrophylum|
866|d2cef38384731c5c|image_acer_macrophylum_in_winter_66.png|acer_macrophylum|
867|d681f8788e5a962b|image_acer_macrophylum_in_winter_99.png|acer_macrophylum|
868|c8d11d7c6296927b|image_acer_macrophylum_seeds_11.png|acer_macrophylum|
869|c5c732d36bc403e9|image_big_leaf_maple_bark_7.png|acer_macrophylum|
870|a1b10b52b42feb96|image_acer_macrophylum_in_winter_3.png|acer_macrophylum|
871|cf50a57f5323502d|image_acer_macrophylum_in_winter_2.png|acer_macrophylum|
872|ab968dad2c68b92a|image_acer_macrophylum_leaves_32.png|acer_macrophylum|
873|dabe150a4acbfe01|image_big_leaf_maple_bark_6.png|acer_macrophylum|
874|8afd360b780147bd|image_acer_macrophylum_seeds_10.png|acer_macrophylum|
875|87d12e9d020f5afc|image_acer_macrophylum_seeds_38.png|acer_macrophylum|
876|e8b843bec1e7b025|image_acer_macrophylum_in_winter_98.png|acer_macrophylum|
877|ef755082d68bd826|image_acer_macrophylum_in_winter_73.png|acer_macrophylum|
878|de86e624a0b8bcec|image_acer_macrophylum_in_winter_67.png|acer_macrophylum|
879|f8d5852fc30ada52|image_big_leaf_maple_bark_23.png|acer_macrophylum|
880|8cf143364fd83327|image_big_leaf_maple_bark_37.png|acer_macrophylum|
881|d50949ac2fb688af|image_bigleaf_maple_28.png|acer_macrophylum|
882|adf4e149d79a01a5|image_big_leaf_maple_bark_21.png|acer_macrophylum|
883|92aa3a54155cfb55|image_big_leaf_maple_bark_35.png|acer_macrophylum|
884|d4b6bf08015e77b0|image_acer_macrophylum_in_winter_59.png|acer_macrophylum|
885|818f5dd90d5831eb|image_big_leaf_maple_bark_4.png|acer_macrophylum|
886|ab3bcb2088f8d9a5|image_acer_macrophylum_1.png|acer_macrophylum|
887|e62339acc4e2eb70|image_acer_macrophylum_leaves_30.png|acer_macrophylum|
888|83f87c8141fe4e27|image_acer_macrophylum_in_winter_0.png|acer_macrophylum|
889|d12c7fcbb08a2897|image_acer_macrophylum_leaves_31.png|acer_macrophylum|
890|b7a41d6c8754933c|image_acer_macrophylum_in_winter_1.png|acer_macrophylum|
891|bff025c78ec92898|image_acer_macrophylum_leaves_25.png|acer_macrophylum|
892|a2eb3b49178955b1|image_big_leaf_maple_bark_5.png|acer_macrophylum|
893|efe4911790caf81a|image_acer_macrophylum_14.png|acer_macrophylum|
894|c8e38edf610d21e9|image_acer_macrophylum_seeds_13.png|acer_macrophylum|
895|c31eb8618f76e831|image_acer_macrophylum_in_winter_58.png|acer_macrophylum|
896|ae0ba3b61ca349f4|image_acer_macrophylum_in_winter_64.png|acer_macrophylum|
897|85857c943e4f5933|image_acer_macrophylum_in_winter_70.png|acer_macrophylum|
898|963b2a10f7712d56|image_big_leaf_maple_bark_34.png|acer_macrophylum|
899|c60b35c129de29ee|image_big_leaf_maple_bark_20.png|acer_macrophylum|
900|bffe55b50000ee54|image_big_leaf_maple_bark_24.png|acer_macrophylum|
901|8de4f2dac45f0c38|image_big_leaf_maple_bark_18.png|acer_macrophylum|
902|9ee08f7201b907ee|image_acer_macrophylum_in_winter_74.png|acer_macrophylum|
903|cdd991238f4cab49|image_acer_macrophylum_in_winter_60.png|acer_macrophylum|
904|e9a6d619b1462ef0|image_acer_macrophylum_seeds_17.png|acer_macrophylum|
905|fb38d3f1b4834862|image_acer_macrophylum_leaves_21.png|acer_macrophylum|
906|b87b2de15658508f|image_acer_macrophylum_leaves_35.png|acer_macrophylum|
907|ece485471bf820b7|image_acer_macrophylum_in_winter_4.png|acer_macrophylum|
908|bc7070834fdc97c8|image_acer_macrophylum_leaves_34.png|acer_macrophylum|
909|b08dce19cdb39866|image_acer_macrophylum_leaves_20.png|acer_macrophylum|
910|a57fe2a55444c3a6|image_big_leaf_maple_bark_0.png|acer_macrophylum|
911|f5d68fe814689323|image_acer_macrophylum_39.png|acer_macrophylum|
912|cd9177f81b16052d|image_acer_macrophylum_in_winter_61.png|acer_macrophylum|
913|b8cc8c1b73d03c67|image_acer_macrophylum_in_winter_75.png|acer_macrophylum|
914|8cf2356a5f7c2894|image_acer_macrophylum_in_winter_49.png|acer_macrophylum|
915|87835931693eee70|image_big_leaf_maple_bark_19.png|acer_macrophylum|
916|862aeb3f5a87380b|image_big_leaf_maple_bark_25.png|acer_macrophylum|
917|c0c3135b3eb47327|image_bigleaf_maple_12.png|acer_macrophylum|
918|80fadfc8d576b880|image_bigleaf_maple_38.png|acer_macrophylum|
919|c9e2e9e00fa9f08b|image_big_leaf_maple_bark_33.png|acer_macrophylum|
920|d9730e1f2d932aa2|image_big_leaf_maple_bark_27.png|acer_macrophylum|
921|d39d2da43ce32629|image_acer_macrophylum_seeds_14.png|acer_macrophylum|
922|94836a7ce13a963b|image_acer_macrophylum_seeds_28.png|acer_macrophylum|
923|88557b1f5ec911b1|image_big_leaf_maple_bark_2.png|acer_macrophylum|
924|d6bd234a1ee4291b|image_acer_macrophylum_in_winter_6.png|acer_macrophylum|
925|fbd390a4188d8bbc|image_acer_macrophylum_leaves_22.png|acer_macrophylum|
926|fffa80808417df0e|image_acer_macrophylum_leaves_37.png|acer_macrophylum|
927|bd0f8761e23c629a|image_acer_macrophylum_in_winter_7.png|acer_macrophylum|
928|f56899996762a2d8|image_big_leaf_maple_bark_3.png|acer_macrophylum|
929|89357d054d5bb6a2|image_acer_macrophylum_seeds_29.png|acer_macrophylum|
930|83fd560ef04637d0|image_acer_macrophylum_seeds_15.png|acer_macrophylum|
931|9d852d9df5252d22|image_acer_macrophylum_in_winter_89.png|acer_macrophylum|
932|da800fe8fd1f60f0|image_big_leaf_maple_bark_26.png|acer_macrophylum|
933|c8d566229dcf5193|image_big_leaf_maple_bark_32.png|acer_macrophylum|
934|dd980aaf35e42b70|image_bigleaf_maple_39.png|acer_macrophylum|
935|da9b6a3c0c637546|image_bigleaf_maple_62.png|acer_macrophylum|
936|ff7b2fff00006d00|image_big_leaf_maple_bark_96.png|acer_macrophylum|
937|ff8396b2c2c838e1|image_big_leaf_maple_bark_82.png|acer_macrophylum|
938|85efeac7c6413344|image_big_leaf_maple_bark_69.png|acer_macrophylum|
939|fa7e1f2f0f25c100|image_big_leaf_maple_bark_55.png|acer_macrophylum|
940|840deab781ef2d1a|image_bigleaf_maple_89.png|acer_macrophylum|
941|ca9ef55705571550|image_big_leaf_maple_bark_41.png|acer_macrophylum|
942|927d2cc097a3783b|image_acer_macrophylum_in_winter_11.png|acer_macrophylum|
943|b790d34b9e61c58a|image_acer_macrophylum_in_winter_39.png|acer_macrophylum|
944|9fe688f46d0244eb|image_acer_macrophylum_seeds_99.png|acer_macrophylum|
945|aeb9d5f6c2831186|image_acer_macrophylum_seeds_72.png|acer_macrophylum|
946|b5907eaf0b4a48e5|image_acer_macrophylum_leaves_87.png|acer_macrophylum|
947|c7e96b87284085fd|image_acer_macrophylum_leaves_50.png|acer_macrophylum|
948|9932e604ea42bd6f|image_acer_macrophylum_leaves_44.png|acer_macrophylum|
949|9f86788566593678|image_acer_macrophylum_leaves_45.png|acer_macrophylum|
950|c41d386a79672f31|image_acer_macrophylum_leaves_51.png|acer_macrophylum|
951|b58b8b0538897cf6|image_acer_macrophylum_leaves_79.png|acer_macrophylum|
952|b08eb1c2c901bdbf|image_acer_macrophylum_leaves_86.png|acer_macrophylum|
953|c8733eaaa5f0043f|image_acer_macrophylum_74.png|acer_macrophylum|
954|97bad29399488795|image_acer_macrophylum_seeds_73.png|acer_macrophylum|
955|eab824d0f0275ff0|image_acer_macrophylum_48.png|acer_macrophylum|
956|939be50083598dfe|image_acer_macrophylum_seeds_9.png|acer_macrophylum|
957|d7f26844b63c61e4|image_acer_macrophylum_in_winter_10.png|acer_macrophylum|
958|a4e54702de77fc40|image_big_leaf_maple_bark_40.png|acer_macrophylum|
959|b1b5bace2a531a0d|image_big_leaf_maple_bark_54.png|acer_macrophylum|
960|a15456adfa1f5aa0|image_big_leaf_maple_bark_68.png|acer_macrophylum|
961|f5b482db89cb8b81|image_big_leaf_maple_bark_83.png|acer_macrophylum|
962|f5cc944556eafa08|image_big_leaf_maple_bark_97.png|acer_macrophylum|
963|b4f35ba460993b16|image_bigleaf_maple_63.png|acer_macrophylum|
964|aad342f55705d075|image_big_leaf_maple_bark_81.png|acer_macrophylum|
965|ff58ad4314fe1405|image_big_leaf_maple_bark_95.png|acer_macrophylum|
966|ed55954f8370380f|image_big_leaf_maple_bark_42.png|acer_macrophylum|
967|9d9d8a62134edf21|image_big_leaf_maple_bark_56.png|acer_macrophylum|
968|8bb174c3a4cc3979|image_acer_macrophylum_seeds_59.png|acer_macrophylum|
969|ad9e7da904f8d811|image_acer_macrophylum_seeds_71.png|acer_macrophylum|
970|8bb973878b6813d8|image_acer_macrophylum_leaves_84.png|acer_macrophylum|
971|efbc32c1558319d1|image_acer_macrophylum_leaves_52.png|acer_macrophylum|
972|91c66704d6dd6cc3|image_acer_macrophylum_63.png|acer_macrophylum|
973|925d390e728bb917|image_acer_macrophylum_seeds_70.png|acer_macrophylum|
974|afa4b1d9da52a81a|image_acer_macrophylum_seeds_58.png|acer_macrophylum|
975|bae791d24a1d806f|image_acer_macrophylum_in_winter_13.png|acer_macrophylum|
976|c909a4ad84d573cf|image_big_leaf_maple_bark_57.png|acer_macrophylum|
977|8292b337973f942c|image_bigleaf_maple_48.png|acer_macrophylum|
978|89c62ab83597b653|image_bigleaf_maple_74.png|acer_macrophylum|
979|c8d0cdc915f8907f|image_bigleaf_maple_60.png|acer_macrophylum|
980|aeb9d5f6c2028f0c|image_bigleaf_maple_58.png|acer_macrophylum|
981|aba9b554941a9a9b|image_big_leaf_maple_bark_90.png|acer_macrophylum|
982|e2c22fbd4da85a94|image_bigleaf_maple_70.png|acer_macrophylum|
983|e69990f6bcb43960|image_acer_macrophylum_73.png|acer_macrophylum|
984|97497abe95f060b0|image_acer_macrophylum_67.png|acer_macrophylum|
985|fdbf03b14c918781|image_acer_macrophylum_seeds_48.png|acer_macrophylum|
986|8ac16d653e16f06b|image_acer_macrophylum_leaves_94.png|acer_macrophylum|
987|9393394a8e36a7c5|image_acer_macrophylum_seeds_61.png|acer_macrophylum|
988|aa973e7841cb568a|image_acer_macrophylum_66.png|acer_macrophylum|
989|f2931d6b2f642c49|image_acer_macrophylum_seeds_75.png|acer_macrophylum|
990|b0d7698a2c7dac25|image_acer_macrophylum_99.png|acer_macrophylum|
991|9b22774557c6be20|image_big_leaf_maple_bark_52.png|acer_macrophylum|
992|c93d36f2370ec3c0|image_big_leaf_maple_bark_46.png|acer_macrophylum|
993|ade860eb5acc7a18|image_bigleaf_maple_71.png|acer_macrophylum|
994|bec9c0bc8f62c8b2|image_bigleaf_maple_65.png|acer_macrophylum|
995|ded47e65c1550741|image_big_leaf_maple_bark_91.png|acer_macrophylum|
996|bfb449005aff5292|image_big_leaf_maple_bark_85.png|acer_macrophylum|
997|956e0075575530ef|image_big_leaf_maple_bark_93.png|acer_macrophylum|
998|c0b96acc664f5d94|image_bigleaf_maple_73.png|acer_macrophylum|
999|9412ee672461cf5e|image_big_leaf_maple_bark_44.png|acer_macrophylum|
1000|815d1e6a6c3b656c|image_acer_macrophylum_in_winter_28.png|acer_macrophylum|
1001|e3e984cabfd55011|image_acer_macrophylum_in_winter_14.png|acer_macrophylum|
1002|89384f16452dd6b7|image_acer_macrophylum_64.png|acer_macrophylum|
1003|d4b43541cb4e0f8f|image_acer_macrophylum_leaves_82.png|acer_macrophylum|
1004|f951f13103fc82b6|image_acer_macrophylum_leaves_69.png|acer_macrophylum|
1005|d36140398dcdf663|image_acer_macrophylum_leaves_68.png|acer_macrophylum|
1006|81477d3a90a4c77d|image_acer_macrophylum_71.png|acer_macrophylum|
1007|ab7d50c259a32ccd|image_acer_macrophylum_65.png|acer_macrophylum|
1008|c0270fcd0de37a33|image_acer_macrophylum_seeds_62.png|acer_macrophylum|
1009|aeb2e452544e972d|image_acer_macrophylum_in_winter_15.png|acer_macrophylum|
1010|9fdbe543e126920c|image_acer_macrophylum_in_winter_29.png|acer_macrophylum|
1011|e15a1c7a8d718772|image_big_leaf_maple_bark_79.png|acer_macrophylum|
1012|8b35a57a5247fd02|image_big_leaf_maple_bark_45.png|acer_macrophylum|
1013|8530165e736a7be1|image_big_leaf_maple_bark_86.png|acer_macrophylum|
